Workbook

Sheet README
A1: Malaysia coursework: team data workbook
A2: Essentials of Economics 4ECON003C | Deadline Thu 29 Oct 2026, 23:59 | Target: everything finished Wed 28 Oct
A4: Rules
A5: 1. Yellow cells are for you to fill in. Every number needs a row in Source_Log (name, exact URL, retrieval date, table).
A6: 2. Do not type numbers from memory, news or AI. Download the series, paste the raw data in your tab, then calculate.
A7: 3. All four markets use the SAME three periods (see Periods tab). If a series does not cover them, tell the group chat the same day.
A8: 4. Diagrams in the report must be built from the P and Q cells in your tab. Keep the chart in your tab so it is traceable.
A9: 5. Do not overwrite other people's tabs. Add questions as cell comments.
A11: Tabs
A12: Periods: the three agreed periods (decide at kickoff)
A13: Task1_Pandemic: Islom. Pandemic scale table with sources
A14: Otabek_Gloves, Olmasbek_Services, Bagdad_PalmOil, Ulugbek_Air: one tab per market (P, Q, case study, stabilisation actions)
... A18: Source_Log: master log. This becomes the Data Appendix

Sheet Periods
A1: Label | B1: Period | C1: Why | D1: Agreed? (Y/N)
A2: Pre-pandemic (P1) | B2: Q4 2019 (Oct-Dec 2019) | C2: Required by the brief: last pre-pandemic quarter
A3: Pandemic (P2) | B3: Q2 2020 (Apr-Jun 2020) | C3: Required by the brief: first MCO began 18 Mar 2020, so Q2 2020 is the first full lockdown quarter
A4: Later (P3) | B4: Q4 2021 (Oct-Dec 2021) - RECOMMENDED, group to confirm | C4: Q2 and Q3 2021 still had MCO 3.0 / FMCO and extended restrictions; Q2 2022 follows the border reopening (1 Apr 2022) and the glove HS code revision (1 Jun 2022). DOSM Q4 2021 releases exist. VERIFY all four series cover it.

Sheet Task1_Pandemic
A1: Indicator | B1: Value | C1: Unit | D1: Date / period | E1: Source name | F1: Exact URL | G1: Retrieved on | H1: Notes / check
A2: Population | C2: persons
A3: GDP (current US$ or RM)
A4: GDP growth 2019 | C4: %
A5: GDP growth 2020 | C5: %
A6: GDP growth 2021 | C6: %
A7: Cumulative confirmed cases | C7: persons
A8: Cases per million | C8: per million
A9: Cumulative confirmed deaths | C9: persons
A10: Deaths per million | C10: per million
A11: Excess mortality (excess deaths) | C11: persons
A12: Excess mortality (% above expected) | C12: %
A13: Peak Stringency Index (value) | C13: 0-100
A14: Peak Stringency Index (date) | C14: date
A15: Stringency Index in P2 (Q2 2020 average) | C15: 0-100
... A26: Sudden price change #4 | C26: %
A28: Leads to verify against the primary source (do not copy): Ministry of Finance gave different totals at different dates; one source puts PERMAI at RM10.11bn and another at RM15bn. Use the Ministry of Finance primary document and state the date.
A29: Need at least TWO international sources from the Country List sheet (e.g. WHO dashboard, Our World in Data, Oxford tracker, IMF policy tracker, World Bank).

Sheet Otabek_Gloves
A1: Otabek: Rubber gloves (exports), demand-shock good
A2: Price (P): Unit value = export value / export quantity, HS 4015.19 (DOSM trade data). Sum the 3 months, then divide total value by total quantity
A3: Quantity (Q): Export quantity (sum of 3 months)
A4: Fill the yellow cells. Task4_Elasticity and the chart read from here.
A6: Period | B6: Quarter | C6: Price (P) | D6: P unit | E6: Quantity (Q) | F6: Q unit | G6: Source name | H6: Exact URL | I6: Retrieved on | J6: Table / series used
A7: P1 pre-pandemic | B7: Q4 2019
A8: P2 pandemic | B8: Q2 2020
A9: P3 later | B9: Q4 2021 (confirm)
A11: Monthly raw data (paste the downloaded series below, then aggregate into the quarterly values above)
A12: Month | B12: Price | C12: Quantity | D12: Source / table
A32: Shock classification (fill after the numbers are in)
A33: Direction of P, P1 to P2 (up/down)
A34: Direction of Q, P1 to P2 (up/down)
A35: Same direction = demand shock (compute PES). Opposite = supply shock (compute PED).
A36: Does the data match this slot? If not, swap market with the group.
A38: Case study (one named firm, sector body or public institution, with a dated source)
A39: Name | B39: Type (firm/body/institution) | C39: What happened | D39: Source, date | E39: Exact URL
A42: Stabilisation actions and what the data shows
A43: Actor (company/government/foreign country) | B43: Action | C43: Date | D43: Source, URL | E43: Effect on P and Q (cite numbers)

Sheet Olmasbek_Services
A1: O'lmasbek: Restaurants / food & beverage (or hotels), demand-shock service
A2: Price (P): DOSM SPPI: restaurants and mobile food service index
A3: Quantity (Q): DOSM Volume Index of Services: food & beverage sub-sector
A4: Fill the yellow cells. Task4_Elasticity and the chart read from here.
A6: Period | B6: Quarter | C6: Price (P) | D6: P unit | E6: Quantity (Q) | F6: Q unit | G6: Source name | H6: Exact URL | I6: Retrieved on | J6: Table / series used
A7: P1 pre-pandemic | B7: Q4 2019
A8: P2 pandemic | B8: Q2 2020
A9: P3 later | B9: Q4 2021 (confirm)
A11: Monthly raw data (paste the downloaded series below, then aggregate into the quarterly values above)
A12: Month | B12: Price | C12: Quantity | D12: Source / table
A32: Shock classification (fill after the numbers are in)
A33: Direction of P, P1 to P2 (up/down)
A34: Direction of Q, P1 to P2 (up/down)
A35: Same direction = demand shock (compute PES). Opposite = supply shock (compute PED).
A36: Does the data match this slot? If not, swap market with the group.
A38: Case study (one named firm, sector body or public institution, with a dated source)
A39: Name | B39: Type (firm/body/institution) | C39: What happened | D39: Source, date | E39: Exact URL
A42: Stabilisation actions and what the data shows
A43: Actor (company/government/foreign country) | B43: Action | C43: Date | D43: Source, URL | E43: Effect on P and Q (cite numbers)

Sheet Bagdad_PalmOil
A1: Bagdad: Crude palm oil, supply-shock good
A2: Price (P): MPOB local delivered price, RM/tonne (average of 3 months)
A3: Quantity (Q): MPOB production, tonnes (sum of 3 months)
A4: Fill the yellow cells. Task4_Elasticity and the chart read from here.
A6: Period | B6: Quarter | C6: Price (P) | D6: P unit | E6: Quantity (Q) | F6: Q unit | G6: Source name | H6: Exact URL | I6: Retrieved on | J6: Table / series used
A7: P1 pre-pandemic | B7: Q4 2019
A8: P2 pandemic | B8: Q2 2020
A9: P3 later | B9: Q4 2021 (confirm)
A11: Monthly raw data (paste the downloaded series below, then aggregate into the quarterly values above)
A12: Month | B12: Price | C12: Quantity | D12: Source / table
A32: Shock classification (fill after the numbers are in)
A33: Direction of P, P1 to P2 (up/down)
A34: Direction of Q, P1 to P2 (up/down)
A35: Same direction = demand shock (compute PES). Opposite = supply shock (compute PED).
A36: Does the data match this slot? If not, swap market with the group.
A38: Case study (one named firm, sector body or public institution, with a dated source)
A39: Name | B39: Type (firm/body/institution) | C39: What happened | D39: Source, date | E39: Exact URL
A42: Stabilisation actions and what the data shows
A43: Actor (company/government/foreign country) | B43: Action | C43: Date | D43: Source, URL | E43: Effect on P and Q (cite numbers)

Sheet Ulugbek_Air
A1: Ulug'bek: Air passenger transport, supply-shock service
A2: Price (P): DOSM SPPI: passenger air transport
A3: Quantity (Q): MAHB monthly passengers, Malaysia operations only, sum of 3 months (exclude Istanbul; arrivals and departures counted separately)
A4: Fill the yellow cells. Task4_Elasticity and the chart read from here.
A6: Period | B6: Quarter | C6: Price (P) | D6: P unit | E6: Quantity (Q) | F6: Q unit | G6: Source name | H6: Exact URL | I6: Retrieved on | J6: Table / series used
A7: P1 pre-pandemic | B7: Q4 2019
A8: P2 pandemic | B8: Q2 2020
A9: P3 later | B9: Q4 2021 (confirm)
A11: Monthly raw data (paste the downloaded series below, then aggregate into the quarterly values above)
A12: Month | B12: Price | C12: Quantity | D12: Source / table
A32: Shock classification (fill after the numbers are in)
A33: Direction of P, P1 to P2 (up/down)
A34: Direction of Q, P1 to P2 (up/down)
A35: Same direction = demand shock (compute PES). Opposite = supply shock (compute PED).
A36: Does the data match this slot? If not, swap market with the group.
A38: Case study (one named firm, sector body or public institution, with a dated source)
A39: Name | B39: Type (firm/body/institution) | C39: What happened | D39: Source, date | E39: Exact URL
A42: Stabilisation actions and what the data shows
A43: Actor (company/government/foreign country) | B43: Action | C43: Date | D43: Source, URL | E43: Effect on P and Q (cite numbers)

Sheet Task4_Elasticity
A1: Arc (midpoint) elasticity between P1 (Q4 2019) and P2 (Q2 2020)
A2: E = [(Q2-Q1)/((Q2+Q1)/2)] / [(P2-P1)/((P2+P1)/2)]. Demand shock (same direction): this is PES. Supply shock (opposite): this is PED (report |E|).
A4: Market | B4: P1 | C4: P2 | D4: Q1 | E4: Q2 | F4: %change Q (midpoint) | G4: %change P (midpoint) | H4: Arc elasticity E | I4: |E| | J4: Shock type (from data) | K4: Measure | L4: Interpretation (one line)
A5: Rubber gloves | B5: =IF(Otabek_Gloves!C7="","",Otabek_Gloves!C7) | C5: =IF(Otabek_Gloves!C8="","",Otabek_Gloves!C8) | D5: =IF(Otabek_Gloves!E7="","",Otabek_Gloves!E7) | E5: =IF(Otabek_Gloves!E8="","",Otabek_Gloves!E8) | F5: =IFERROR((E5-D5)/((E5+D5)/2),"") | G5: =IFERROR((C5-B5)/((C5+B5)/2),"") | H5: =IFERROR(F5/G5,"") | I5: =IFERROR(ABS(H5),"") | J5: =IFERROR(IF(F5*G5>0,"Demand shock","Supply shock"),"") | K5: =IFERROR(IF(F5*G5>0,"PES","PED"),"")
A6: Restaurants / hotels | B6: =IF(Olmasbek_Services!C7="","",Olmasbek_Services!C7) | C6: =IF(Olmasbek_Services!C8="","",Olmasbek_Services!C8) | D6: =IF(Olmasbek_Services!E7="","",Olmasbek_Services!E7) | E6: =IF(Olmasbek_Services!E8="","",Olmasbek_Services!E8) | F6: =IFERROR((E6-D6)/((E6+D6)/2),"") | G6: =IFERROR((C6-B6)/((C6+B6)/2),"") | H6: =IFERROR(F6/G6,"") | I6: =IFERROR(ABS(H6),"") | J6: =IFERROR(IF(F6*G6>0,"Demand shock","Supply shock"),"") | K6: =IFERROR(IF(F6*G6>0,"PES","PED"),"")
A7: Crude palm oil | B7: =IF(Bagdad_PalmOil!C7="","",Bagdad_PalmOil!C7) | C7: =IF(Bagdad_PalmOil!C8="","",Bagdad_PalmOil!C8) | D7: =IF(Bagdad_PalmOil!E7="","",Bagdad_PalmOil!E7) | E7: =IF(Bagdad_PalmOil!E8="","",Bagdad_PalmOil!E8) | F7: =IFERROR((E7-D7)/((E7+D7)/2),"") | G7: =IFERROR((C7-B7)/((C7+B7)/2),"") | H7: =IFERROR(F7/G7,"") | I7: =IFERROR(ABS(H7),"") | J7: =IFERROR(IF(F7*G7>0,"Demand shock","Supply shock"),"") | K7: =IFERROR(IF(F7*G7>0,"PES","PED"),"")
A8: Air passengers | B8: =IF(Ulugbek_Air!C7="","",Ulugbek_Air!C7) | C8: =IF(Ulugbek_Air!C8="","",Ulugbek_Air!C8) | D8: =IF(Ulugbek_Air!E7="","",Ulugbek_Air!E7) | E8: =IF(Ulugbek_Air!E8="","",Ulugbek_Air!E8) | F8: =IFERROR((E8-D8)/((E8+D8)/2),"") | G8: =IFERROR((C8-B8)/((C8+B8)/2),"") | H8: =IFERROR(F8/G8,"") | I8: =IFERROR(ABS(H8),"") | J8: =IFERROR(IF(F8*G8>0,"Demand shock","Supply shock"),"") | K8: =IFERROR(IF(F8*G8>0,"PES","PED"),"")
A10: Reading the result: |E|>1 elastic, |E|<1 inelastic, ~0 perfectly inelastic. Compare each with the theory of determinants (necessity vs luxury, substitutes, time horizon, share of income).
A11: Warning: if a price barely moved the elasticity is extreme or unstable. Say so in the report; do not hide it.
A12: Long-run section needs: (1) P3 data from each tab, (2) at least one relevant literature source. Log it in Source_Log.

Sheet Task5_Inputs
A1: Member / market | B1: 1) How did the change in your market affect welfare? (2-3 lines) | C1: 2) Did the stabilisation actions work according to YOUR data? (cite numbers) | D1: 3) Biggest limitation of YOUR data | E1: Posted on
A2: Otabek / rubber gloves
A3: O'lmasbek / restaurants or hotels
A4: Bagdad / palm oil
A5: Ulug'bek / air passengers
A7: Islom picks the TWO biggest limitations overall from column D and explains how each affects the conclusions.

Sheet Key_Figures
A1: # | B1: Figure (what) | C1: Value | D1: Period | E1: Used in task / slide | F1: Source_Log row | G1: Owner
A2: 1
A3: 2
A4: 3
A5: 4
A6: 5
A7: 6
A8: 7
A9: 8
A10: 9
A11: 10
A12: 11
A13: 12
... A16: 15

Sheet Source_Log
A1: # | B1: Used by (name) | C1: Figure / series | D1: Source name | E1: Exact URL | F1: Date retrieved | G1: Table / series extracted | H1: International source? (Y/N) | I1: Checked by
A2: 1
A3: 2
A4: 3
A5: 4
A6: 5
A7: 6
A8: 7
A9: 8
A10: 9
A11: 10
A12: 11
A13: 12
... A60: 59
